images,labels
20140819_000000,rain
20191002_000000,rain downpour
20141023_000000,
20190208_074000,
20190422_000000,
20160920_000000,rain downpour
20101130_000000,snow
20160504_000000,downpour
20170309_000000,rain
20150718_000000,downpour
20190424_173500,storm downpour
20190619_145000,storm downpour
20130211_210500,snow
20130702_094500,storm downpour
20140202_085000,rain snow
20120731_122000,storm downpour
20140511_000500,hail storm downpour
20190714_000000,
20180310_000000,rain
20180404_074500,rain downpour
20140611_064000,hail storm
20130426_000000,downpour
20180704_000000,rain storm downpour
20180228_000000,snow
20120620_161500,downpour
20180405_000000,rain downpour
20131123_000000,rain snow
20120731_000000,storm downpour
20190412_000000,rain
20140826_000000,rain
20161023_104000,rain
20130309_091000,rain
20111019_051000,rain snow
20190307_000000,rain snow
20170823_000000,downpour
20180106_000000,rain
20190612_010000,storm
20190811_000000,
20190131_000000,
20190301_000000,
20160423_000000,rain snow
20160531_000000,downpour
20150916_000000,rain
20150623_000000,rain hail storm downpour
20171114_000000,
20181205_123000,
20180424_000000,downpour
20190225_000000,
20180719_095500,
20180706_000000,rain storm downpour
20111106_000000,rain snow
20160303_000000,rain
20161105_000000,rain snow
20150923_000000,rain snow
20131225_000000,rain snow
20181001_000000,rain snow
20170725_000000,storm downpour
20180627_131000,storm downpour
20140714_000500,downpour
20160530_000000,rain snow
20131012_000000,rain snow
20160606_000000,storm downpour
20110617_185500,storm downpour
20150817_000000,rain
20150730_000000,rain storm downpour
20190518_000000,rain downpour snow
20140428_000000,rain
20140624_000500,storm
20171127_000000,
20180605_000000,storm downpour
20180319_000000,rain
20140731_000000,storm downpour
20110718_041000,downpour
20140203_000000,rain snow
20180809_000000,storm
20150819_000000,rain
20120305_134500,rain snow
20141001_000000,rain
20161014_000000,rain storm downpour
20110111_000000,rain
20180303_000000,rain snow
20190528_000000,rain snow
20180426_000000,downpour
20180630_000000,downpour
20171008_000000,
20160817_000000,storm downpour
20180527_000000,storm downpour
20130601_000500,downpour
20150924_000000,rain
20170504_000000,rain
20180721_032000,hail storm downpour
20190830_000000,storm downpour
20170827_000000,storm downpour
20110427_090500,rain storm downpour
20180813_000000,storm downpour
20190130_000000,snow
20140503_000000,downpour
20130823_000000,hail storm
20150121_000000,rain
20181203_114000,rain
20110412_124500,storm downpour
20101204_000000,rain snow
20170709_000000,storm
20110412_020000,storm downpour
20180301_112000,rain snow
20190806_000000,storm downpour
20180613_000000,rain hail storm downpour
20170620_000000,storm downpour
20170501_000000,rain snow
20180906_000000,storm downpour
20130309_205000,rain
20180702_000000,storm downpour
20111105_000000,rain snow
20130507_140000,downpour
20130707_000500,storm downpour
20120527_000000,downpour
20170415_000000,downpour
20130202_165500,rain snow
20110317_000000,rain snow
20180410_000000,rain
20150722_000000,storm
20170614_103000,storm
20151009_000000,rain
20160212_000000,rain snow
20180703_144500,hail storm
20130620_000500,storm
20190728_000000,rain
20150620_000000,downpour
20170202_000000,rain
20131024_000000,rain
20160502_080000,rain
20101205_075000,snow
20190313_000000,
20160816_011000,hail storm downpour
20130627_053500,downpour
20180222_000000,rain
20110604_193000,storm downpour
20180318_000000,rain
20140119_000000,rain snow
20120415_000000,rain snow
20120618_173000,
20171115_000000,
20140614_000500,storm
20180820_000000,storm downpour
20150304_000000,downpour snow
20190725_000000,storm downpour
20121111_000000,rain snow
20140208_000000,rain snow
20121130_115500,rain
20101206_055500,snow
20190407_000000,
20190606_000000,storm downpour
20170901_000000,storm downpour
20140615_000500,rain downpour
20190428_000000,rain storm snow
20180531_000000,storm downpour
20131005_000000,rain
20120714_000000,storm downpour
20121031_110000,rain snow
20101223_000000,rain snow
20171211_000000,rain snow
20170828_000000,hail downpour
20140502_000000,downpour
20160501_000000,rain
20110228_000000,rain
20160721_065000,storm downpour
20120625_001000,downpour
20190413_000000,rain
20140916_000000,rain downpour
20171202_000000,
20191005_000000,rain
20120711_111500,storm
20150820_000000,downpour
20120324_000000,storm downpour
20140919_000000,downpour
20171024_000000,
20180423_000000,downpour
20130703_000500,storm downpour
20130717_091500,storm
20140117_000000,rain snow
20130523_110000,rain
20120711_185500,storm
20120106_000000,rain
20191024_000000,rain
20190731_000000,hail storm
20170718_073500,storm
20120524_000000,downpour
20130506_092000,downpour
20130708_124500,storm downpour
20120702_134000,hail storm
20110319_000000,rain
20160617_000000,storm downpour
20121026_181000,rain
20110705_032000,storm downpour
20191009_000000,rain
20170828_091000,hail downpour
20180315_000000,rain snow
20140619_000500,downpour
20190709_000000,storm downpour
20180625_000000,rain downpour
20120803_034000,storm downpour
20140513_000500,downpour
20110912_000000,storm downpour
20190123_000000,snow
20120611_075000,storm downpour
20181007_000000,
20160828_000000,storm
20181213_000000,rain
20130917_000000,storm downpour snow
20180918_000000,storm downpour
20121111_065000,rain snow
20190224_000000,
20170530_103000,storm downpour
20150704_000000,storm downpour
20151010_000000,rain
20180307_000000,rain downpour snow
20140603_124500,downpour
20111006_121500,
20180707_000000,rain
20190211_000000,rain snow
20160630_000000,storm downpour
20110415_074500,rain
20110610_000000,storm downpour
20140905_000000,downpour
20150611_000000,storm downpour
20120529_000000,storm downpour
20190923_000000,rain downpour
20130419_000000,rain storm downpour
20190202_000000,rain snow
20150716_000000,storm downpour
20120823_000000,storm
20110119_104000,rain snow
20180604_000000,rain storm
20190423_000000,rain
20170322_000000,rain downpour
20110426_000000,storm downpour
20171128_000000,snow
20131226_000000,rain snow
20171016_170500,
20140118_000000,rain snow
20181224_000000,rain snow
20190721_000000,
20120802_141000,storm downpour
20130808_000000,downpour
20110701_000000,downpour
20131110_000000,rain snow
20181122_000000,rain
20190730_000000,storm downpour
20171203_000000,
20130507_000000,downpour
20161020_000000,rain
20180715_000000,hail storm downpour
20140421_000000,rain
20190425_000000,downpour
20150715_000000,storm
20160228_000000,rain snow
20180603_000000,storm downpour
20131122_000000,rain snow
20130718_150000,hail storm
20130804_000000,storm downpour
20140907_000000,storm downpour
20110724_000000,rain
20190828_141000,storm downpour
20140724_000500,rain downpour
20190609_000000,downpour
20190802_000000,rain storm downpour
20130420_000000,rain
20150703_000000,hail storm downpour
20111104_192500,rain snow
20150723_000000,storm
20120609_000000,storm downpour
20170805_000000,
20120728_180500,storm downpour
20160210_000000,rain snow
20160917_000000,rain
20190310_000000,
20140701_000500,downpour
20180519_155000,rain downpour
20180503_000000,downpour
20120613_000000,storm downpour
20130722_133000,hail storm
20171025_000000,
20130331_020500,downpour snow
20190102_054500,snow
20171230_000000,snow
20170819_165500,rain storm downpour
20170923_090000,storm downpour
20190502_000000,downpour
20190603_000000,storm downpour
20130307_163500,rain
20180521_000000,downpour
20111007_081500,rain storm
20171102_143500,
20140511_113500,hail storm downpour
20130723_114000,hail storm downpour
20171026_000000,
20140802_000000,storm downpour
20130429_000000,downpour
20150117_000000,rain hail storm
20140408_000000,downpour
20160424_000000,downpour
20170427_000000,rain snow
20170131_131000,rain snow
20140418_000000,rain snow
20180704_110500,rain storm downpour
20111020_024500,rain snow
20170902_044500,rain storm downpour snow
20190922_000000,rain
20180404_000000,rain downpour
20170711_000000,downpour
20171120_000000,
20160809_000000,storm downpour
20170929_000000,
20111207_203000,snow
20101121_000000,rain snow
20120705_000000,storm
20191028_000000,rain
20141203_175000,rain
20180720_000000,storm
20140925_000000,downpour
20190822_061500,downpour
20130624_000500,storm downpour
20170818_094000,storm
20130309_010500,rain
20111212_114000,rain snow
20150520_000000,storm downpour snow
20170623_132500,downpour
20181223_000000,
20170514_160500,storm downpour
20150206_000000,rain snow
20190228_000000,
20170908_072500,
20170502_085000,rain snow
20190919_000000,downpour
20190303_000000,
20140226_000000,rain downpour snow
20110217_001000,rain
20150526_000000,storm downpour
20190826_121000,storm downpour
20140622_000500,storm
20101222_054500,rain snow
20110605_000000,downpour
20120713_105500,storm downpour
20190127_000000,rain snow
20110605_204000,downpour
20150808_000000,storm downpour
20110609_000000,rain downpour
20180621_212500,storm downpour
20190925_131000,rain storm downpour
20150707_000000,hail storm
20150521_000000,downpour snow
20150911_000000,downpour
20130727_000000,storm
20150522_000000,downpour
20180524_155000,downpour
20171019_000000,
20110710_000000,rain storm
20160419_000000,downpour
20170920_000000,rain
20171126_000000,
20180910_000000,downpour
20151216_000000,rain snow
20180513_152000,rain downpour
20161019_000000,rain
20140809_000000,rain storm downpour
20140807_000000,downpour
20171108_064000,
20190817_000000,
20140202_000000,rain snow
20180428_000000,downpour
20180808_175500,storm downpour
20190316_000000,
20180519_000000,rain downpour
20181029_091500,rain storm downpour snow
20181028_090000,rain downpour snow
20160305_000000,rain snow
20140522_092000,downpour
20190702_081500,storm
20190717_000000,storm downpour
20120423_044500,rain
20120513_000000,rain
20150613_000000,storm downpour
20181230_000000,
20140603_000500,downpour
20110917_090000,storm downpour
20160502_000000,rain
20140906_000000,storm downpour
20120706_000000,storm
20110805_000000,rain downpour
20130824_000000,rain storm
20160209_000000,rain downpour snow
20151012_000000,
20141115_000000,rain snow
20180727_000000,storm downpour
20120805_000000,storm downpour
20111107_094000,rain snow
20181015_121000,rain
20120809_135500,downpour
20170513_000000,storm downpour
20110316_000000,rain snow
20160728_000000,rain downpour
20191019_000000,rain
20170918_094000,rain snow
20180825_174500,rain snow
20180403_000000,rain downpour snow
20180622_000000,storm downpour
20140816_000000,downpour
20180109_075000,rain storm downpour snow
20170520_000000,storm downpour
20170606_152500,storm downpour
20171118_000000,
20120411_154000,rain snow
20141105_074000,rain storm snow
20120728_072000,storm downpour
20140801_000000,storm downpour
20190724_000000,storm downpour
20191016_000000,
20130325_000000,rain snow
20140811_000000,downpour
20140523_000500,rain storm
20171122_000000,
20140910_000000,downpour
20180924_000000,rain
20180614_000000,downpour
20180805_193500,storm downpour
20160302_134500,rain snow
20181015_000000,rain
20190820_072000,storm downpour
20140921_000000,storm downpour
20160529_000000,
20180411_200500,rain snow
20140528_000500,storm downpour
20170730_000000,storm downpour
20151017_000000,
20140805_150500,storm downpour
20180605_130500,storm downpour
20160611_000000,rain storm downpour
20170418_000000,downpour snow
20171029_000000,
20140908_000000,downpour
20180513_000000,rain downpour
20171110_000000,
20180509_000000,downpour
20120714_121000,storm downpour
20190831_000000,storm downpour
20190517_152000,
20130318_000000,rain snow
20160905_000000,rain
20120522_000000,downpour
20151014_000000,rain snow
20181128_000000,
20190801_000000,rain
20170925_144500,rain
20180805_072500,storm downpour
20190815_000000,storm downpour
20120305_081000,rain snow
20190604_000000,storm downpour
20180713_000000,storm
20190217_000000,
20110227_000000,rain snow
20151104_000000,
20180804_182500,storm downpour
20140813_123000,rain storm downpour
20180528_000000,storm downpour
20190605_000000,downpour
20130328_093500,rain snow
20140711_000500,downpour
20130311_133500,rain
20130724_090000,storm downpour
20161111_000000,rain snow
20180817_000000,rain storm downpour
20190426_094500,hail storm downpour
20170305_000000,rain downpour snow
20190410_000000,rain
20160131_000000,
20120729_134500,storm downpour
20150519_000000,storm downpour
20180618_000000,storm downpour
20181206_000000,rain
20110623_000000,storm downpour
20170902_000000,rain storm downpour snow
20160829_000000,storm downpour
20140805_000000,storm downpour
20120516_000000,rain
20180610_000000,storm downpour
20181029_000000,rain storm downpour snow
20111207_074000,snow
20171129_000000,rain snow
20180329_084000,rain
20181120_000000,rain snow
20110429_131000,downpour
20190614_000000,storm downpour
20190403_000000,downpour
20181109_000000,rain
20160816_083000,hail storm downpour
20130506_000000,downpour
20110613_000000,downpour
20181211_000000,
20110512_000000,downpour
20181202_184500,
20170428_105000,rain snow
20181126_000000,
20181006_000000,rain
20160523_000000,rain storm downpour snow
20171025_101000,
20180412_000000,rain
20120809_180500,downpour
20190517_000000,
20171104_000000,
20180524_000000,downpour
20190325_000000,
20150705_000000,storm
20171226_000000,rain snow
20130929_000000,rain
20140131_093000,rain snow
20180516_000000,downpour
20120728_094000,storm downpour
20190106_000000,
20191006_000000,rain
20171208_000000,rain
20140803_000000,rain storm downpour
20190411_015000,rain
20190727_000000,storm downpour
20170810_120500,hail storm
20160711_000000,
20180531_152000,storm downpour
20121105_000000,rain snow
20190511_164000,rain storm downpour snow
20160217_000000,rain snow
20180812_000000,downpour
20150712_000000,downpour
20180601_000000,storm downpour
20111025_071500,rain
20140823_000000,rain storm downpour
20170818_000000,storm
20110514_000000,downpour
20180313_000000,downpour
20191020_000000,rain
20131009_094000,rain
20110216_034500,rain snow
20180529_000000,rain storm downpour
20120418_183500,rain snow
20110617_000000,storm downpour
20150905_000000,rain storm
20190315_000000,
20170508_000000,rain downpour
20111020_000000,rain snow
20180724_000000,storm
20180712_000000,hail storm
20101126_000000,rain snow
20130719_075500,storm
20171116_000000,
20120727_161500,storm downpour
20181222_000000,
20130726_103000,storm
20180818_104500,storm
20140723_143000,storm downpour
20101206_000000,snow
20150724_000000,storm downpour
20170512_142500,storm downpour
20120404_000000,rain snow
20180921_124000,
20121104_214500,rain snow
20140629_000500,storm downpour
20170810_000000,hail storm
20190526_000000,rain downpour
20190529_000000,rain
20130202_100500,rain snow
20110803_000000,hail storm
20130324_070000,rain snow
20110502_113500,downpour
20110110_000000,rain snow
20131104_000000,rain
20110819_112500,storm
20180824_000000,storm downpour
20180306_000000,rain snow
20170722_110000,storm downpour
20190707_000000,storm
20140213_000000,rain snow
20111025_143000,rain
20160409_000000,rain snow
20140911_000000,storm downpour
20150513_000000,storm downpour
20140507_000500,rain storm downpour
20130224_034000,rain snow
20180109_000000,rain storm downpour snow
20190827_000000,downpour
20150423_000000,storm downpour
20160830_000000,rain
20151006_000000,rain
20180609_011500,
20120608_000000,downpour
20180826_103000,rain snow
20180513_201500,rain downpour
20120812_125500,downpour
20130813_000000,storm downpour
20190630_000000,storm
20171119_000000,
20120805_172500,storm downpour
20130729_000000,storm downpour
20130422_071000,downpour
20140709_000500,downpour
20190703_000000,hail storm downpour
20111026_044500,rain
20180710_000000,hail storm downpour
20141104_000000,rain snow
20160810_000000,rain
20190512_000000,rain
20120730_211000,storm downpour
20160910_000000,downpour
20131011_175500,rain snow
20171021_113000,
20160816_130500,hail storm downpour
20130502_000000,rain storm
20160918_000000,rain
20170301_000000,downpour snow
20110707_000000,rain storm downpour
20180811_000000,storm downpour
20190701_000000,storm
20130312_170000,rain
20180826_000000,rain snow
20180430_000000,
20120305_110500,rain snow
20160812_070000,
20110723_000000,downpour
20180415_000000,rain downpour
20190314_000000,rain
20180607_110000,rain storm downpour
20180728_000000,storm downpour
20160730_085000,storm downpour
20171124_000000,
20170914_122000,rain
20161013_000000,rain
20171101_000000,
20101116_000000,rain snow
20170131_081000,rain snow
20120715_192000,storm downpour
20120729_094000,storm downpour
20141022_000000,rain snow
20150725_000000,storm downpour
20181221_000000,
20110713_000000,storm downpour
20121026_202000,rain
20160714_000000,downpour
20190812_000000,storm downpour
20171105_000000,rain snow
20151019_000000,rain downpour
20150426_000000,rain
20160601_123000,downpour
20180917_091000,downpour
20110903_023500,rain
20150913_000000,rain
20141111_000000,rain snow
20140420_023000,downpour
20180409_000000,rain
20140815_000000,rain storm downpour
20111203_000000,rain snow
20181011_000000,rain
20170824_000000,rain
20130625_000500,downpour
20110603_000000,rain
20150930_000000,rain snow
20150727_075000,rain downpour
20110819_170000,storm
20130713_000500,storm downpour
20160423_121000,rain snow
20131121_000000,rain snow
20180914_083500,storm downpour
20150418_000000,downpour
20160229_000000,rain
20160508_000000,downpour
20190622_000000,storm downpour
20130910_141500,rain storm
20180507_015500,rain downpour
20111025_100000,rain
20130517_075500,rain downpour
20140728_000000,storm downpour
20151005_000000,downpour
20190108_000000,
20190810_000000,
20190205_000000,
20150612_000000,storm downpour
20170720_000000,
20150910_000000,storm downpour
20160417_000000,downpour
20150327_000000,downpour snow
20110727_000000,storm downpour
20180606_000000,storm downpour
20180409_110000,rain
20170426_000000,rain snow
20141113_000000,rain
20180507_091500,rain downpour
20190909_000000,
20140911_115000,storm downpour
20120730_112000,storm downpour
20160427_000000,rain downpour snow
20190702_000000,storm
20110520_000000,storm downpour
20101221_121000,rain snow
20190805_000000,storm downpour
20110715_000000,storm downpour
20180331_000000,rain snow
20150914_000000,rain storm
20160602_000000,downpour
20190524_000000,downpour
20180923_000000,rain
20110917_155000,storm downpour
20120729_000000,storm downpour
20190622_130500,storm downpour
20151013_000000,rain snow
20130307_004000,rain
20140714_125000,downpour
20161025_000000,rain downpour
20190619_210000,storm downpour
20160805_141500,rain storm downpour snow
20180808_000000,storm downpour
20171030_000000,
20151018_000000,rain
20131009_123500,rain
20130430_000000,rain
20121122_000000,rain
20170515_000000,storm downpour
20190527_000000,rain downpour
20180505_185500,rain
20170915_000000,rain
20170530_145000,storm downpour
20190525_022500,rain storm downpour
20150823_000000,downpour
20121105_040500,rain snow
20160214_000000,rain snow
20120904_065500,rain downpour
20180617_000000,downpour
20181210_000000,snow
20190209_000000,
20110919_000000,rain snow
20101118_000000,rain snow
20111010_000000,
20150116_000000,rain snow
20120702_000000,hail storm
20180828_173000,
20180807_000000,storm
20150508_000000,storm downpour
20120623_000000,storm
20170718_000000,storm
20110721_130500,storm downpour
20140612_000500,storm
20160208_000000,rain
20181127_000000,
20190807_000000,rain storm downpour
20170708_000000,storm
20140625_000500,rain storm downpour
20110722_000000,downpour
20190209_141500,
20140512_124000,rain downpour
20120420_195000,rain
20150724_134500,storm downpour
20170630_000000,downpour
20130624_085000,storm downpour
20121101_000000,rain
20160805_052000,rain storm downpour snow
20120801_171500,downpour
20170910_000000,rain
20170927_000000,rain
20160619_000000,downpour
20190525_095000,rain storm downpour
20150717_143500,storm
20111107_150000,rain snow
20130825_000000,rain storm
20140721_000500,storm
20140219_000000,rain snow
20140831_000000,rain storm downpour
20190610_000000,downpour
20190401_000000,
20101107_000000,rain snow
20170428_000000,rain snow
20171106_000000,rain snow
20131103_000000,downpour
20121026_121500,rain
20101108_000000,rain snow
20120418_210000,rain snow
20140609_000500,hail storm downpour
20170514_004000,storm downpour
20101210_150500,snow
20140602_000500,downpour
20120604_000000,rain
20170304_000000,rain storm downpour snow
20110719_000000,rain
20190223_000000,
20190318_000000,rain snow
20180320_000000,rain
20170629_090500,storm
20160705_000000,hail storm downpour
20190102_003000,snow
20170509_000000,rain
20190430_000000,rain snow
20140730_000000,rain
20190302_000000,
20190904_000000,rain storm
20150316_000000,rain snow
20130814_000000,storm downpour
20190525_000000,rain storm downpour
20130501_000000,storm downpour
20190620_104000,storm downpour
20120816_050500,storm downpour
20130827_000000,downpour
20170423_000000,
20120929_162500,rain snow
20120715_170000,storm downpour
20160612_000000,storm downpour
20170714_000000,rain storm downpour
20180819_212000,
20130721_000500,downpour
20140618_000500,downpour
20140812_000000,rain storm downpour
20190829_000000,storm downpour
20130421_000000,rain
20180224_000000,
20160516_080500,downpour
20190520_000000,rain
20190309_000000,
20170715_000000,rain
20120424_004000,rain snow
20161017_000000,rain
20170724_000000,hail storm
20181231_000000,
20160801_000000,rain downpour
20110317_101000,rain snow
20130520_000500,downpour
20140728_143000,storm downpour
20101201_000000,rain snow
20120318_160500,downpour snow
20180624_000000,storm downpour
20110730_133500,downpour
20140526_000500,rain
20160215_132000,rain
20161026_095500,rain downpour
20160604_000000,storm downpour
20110512_045000,downpour
20190414_000000,rain snow
20120713_000000,storm downpour
20171002_000000,
20170709_135000,storm
20170726_000000,
20190416_000000,rain
20141105_000000,rain storm snow
20190317_000000,
20190609_210000,downpour
20181104_000000,rain snow
20170422_000000,
20140222_000000,rain
20120713_041500,storm downpour
20190212_000000,
20180722_000000,storm downpour
20130325_105500,rain snow
20190222_000000,
20141011_000000,downpour
20101102_000000,rain snow
20101109_000000,rain snow
20120810_124000,
20171125_000000,rain snow
20180806_000000,hail storm downpour
20150330_000000,rain
20130330_000000,rain snow
20190907_000000,rain
20120405_000000,rain snow
20160726_000000,storm downpour
20101203_000000,rain snow
20191015_000000,rain downpour
20140501_000000,downpour
20190828_000000,storm downpour
20160710_000000,storm downpour
20141116_000000,rain
20180529_132000,rain storm downpour
20150720_114500,storm downpour
20150609_152000,storm
20180721_000000,hail storm downpour
20171130_000000,rain snow
20141015_000000,rain
20101109_070000,rain snow
20120622_000000,downpour
20160203_000000,rain downpour snow
20101201_215500,rain snow
20121128_153500,rain snow
20140717_000500,storm
20101225_000000,rain snow
20180515_000000,rain snow
20110608_130500,rain storm downpour
20130307_133500,rain
20110216_213500,rain snow
20120525_000000,downpour
20120324_153500,storm downpour
20110629_141000,storm downpour
20170903_000000,
20170326_000000,rain storm downpour
20151120_000000,
20110415_000000,rain
20160216_000000,rain snow
20190203_000000,rain
20110427_000000,rain storm downpour
20170113_000000,rain snow
20101223_024500,rain snow
20181124_000000,rain snow
20140429_000000,storm downpour
20120515_000000,rain storm downpour snow
20141204_000000,rain snow
20180511_000000,storm downpour
20180601_122500,storm downpour
20190425_201500,downpour
20140513_093000,downpour
20170925_000000,rain
20180601_210000,storm downpour
20140829_131000,downpour
20131029_000000,rain downpour
20180527_181500,storm downpour
20151025_000000,
20181216_000000,snow
20170707_091500,storm downpour
20180518_000000,downpour
20110228_104500,rain
20190813_000000,hail storm downpour
20110527_000000,hail storm snow
20150417_000000,rain
20170806_115000,hail storm
20181209_064000,rain snow
20111108_000000,rain
20120715_101000,storm downpour
20150614_000000,storm downpour
20190516_000000,downpour
20130320_083500,rain snow
20180423_132500,downpour
20140421_070000,rain
20180416_000000,downpour
20170724_040500,hail storm
20190319_000000,
20160509_000000,rain
20111104_085000,rain snow
20171204_000000,
20171229_000000,
20110611_000000,rain
20180731_182000,storm downpour
20190611_000000,storm downpour
20101222_000000,rain snow
20150824_000000,rain
20110706_150500,downpour
20120120_000000,rain snow
20170801_000000,
20110215_190500,rain snow
20180526_000000,storm downpour
20140604_141000,storm downpour
20110404_070500,storm downpour
20180314_133000,downpour
20140301_000000,rain snow
20180703_000000,hail storm
20121110_000000,rain snow
20190626_000000,downpour
20111104_142500,rain snow
20110720_000000,rain snow
20160727_000000,hail storm downpour
20151125_083000,
20110715_035500,storm downpour
20110429_000000,downpour
20180819_000000,
20110608_102500,rain storm downpour
20180628_000000,
20140601_185000,downpour
20170411_000000,downpour
20131124_000000,rain snow
20110918_000000,rain snow
20120612_000000,storm downpour
20120805_133500,storm downpour
20130909_000000,rain downpour
20170427_152000,rain snow
20160524_000000,rain downpour
20121127_111500,rain
20170729_000000,storm downpour
20160510_064500,rain
20110603_151000,rain
20170522_000000,storm downpour
20190908_000000,rain snow
20150809_000000,storm downpour
20170904_000000,rain
20180506_023500,storm downpour
20130718_093500,hail storm
20110606_000000,storm downpour
20130809_000000,storm
20110424_000000,storm downpour
20190405_000000,rain snow
20160812_000000,
20170722_005500,storm downpour
20120505_000000,downpour
20190505_114500,rain snow
20160818_000000,storm
20120803_000000,storm downpour
20190504_000000,rain downpour snow
20181123_071000,rain snow
20180907_000000,rain downpour
20160315_000000,rain snow
20150919_000000,downpour
20150804_000000,storm downpour
20170503_000000,rain
20130516_124500,rain
20120521_000000,rain snow
20190415_000000,rain
20190505_000000,rain snow
20120709_000000,storm
20120804_030500,storm downpour
20180513_114500,rain downpour
20170710_145500,storm downpour
20110622_123500,storm downpour
20180818_212500,storm
20150509_000000,downpour
20120612_074500,storm downpour
20180502_000000,rain storm downpour snow
20180411_000000,rain snow
20110413_000000,downpour
20110531_114000,rain
20170919_000000,rain
20101206_121500,snow
20160102_000000,rain snow
20180507_142000,rain downpour
20181121_000000,rain
20130911_000000,rain
20130908_000000,downpour
20151004_000000,rain storm downpour
20150719_000000,downpour
20180104_000000,rain
20180607_000000,rain storm downpour
20101101_000000,rain snow
20180917_000000,downpour
20110501_123500,storm downpour
20171003_000000,downpour
20150515_000000,rain hail
20180501_000000,rain
20151003_000000,
20170802_000000,storm downpour
20170926_000000,rain
20180802_000000,storm downpour
20180522_000000,rain
20130618_000500,hail storm
20190206_000000,
20171019_120500,
20110607_085000,rain
20150608_000000,storm downpour
20191028_191500,rain
20160406_000000,downpour
20110313_000000,rain snow
20160513_000000,rain
20180611_000000,storm downpour
20120419_114500,rain
20110731_000000,storm downpour
20130428_000000,downpour
20180330_174000,rain storm snow
20190502_072000,downpour
20190216_000000,
20180813_150500,storm downpour
20170917_000000,rain
20101115_202500,rain snow
20130916_000000,storm downpour
20150708_000000,hail storm
20120621_075000,storm downpour
20160624_000000,storm
20130517_000000,rain downpour
20160811_134000,
20160904_000000,storm downpour
20190301_154000,
20170816_000000,storm downpour
20131011_000000,rain snow
20170916_000000,rain
20170210_083000,rain snow
20140216_000000,rain snow
20150815_000000,storm downpour
20190519_012000,rain downpour
20160605_000000,storm downpour
20150801_000000,rain
20140529_080000,storm downpour
20150615_000000,rain storm downpour
20180225_000000,rain snow
20171228_000000,
20170710_000000,storm downpour
20130427_000000,rain snow
20150417_101500,rain
20180612_000000,hail storm downpour
20130317_031000,rain snow
20170323_000000,downpour
20151015_000000,rain storm downpour snow
20150807_155000,storm
20170713_124000,rain storm downpour
20170404_000000,downpour snow
20180611_134000,storm downpour
20180520_000000,downpour
20180523_122500,downpour
20181220_000000,
20190128_000000,rain
20160627_000000,
20110428_000000,
20160225_000000,rain
20171001_000000,rain
20150427_000000,rain snow
20180620_000000,downpour
20110217_043500,rain
20110717_000000,rain downpour
20160921_000000,rain storm downpour
20181208_000000,rain
20160308_000000,rain snow
20140221_153500,rain snow
20190312_000000,
20130224_155000,rain snow
20130512_000000,downpour
20170630_022500,downpour
20160722_000000,storm downpour
20160408_000000,rain snow
20190621_000000,storm downpour
20131119_000000,rain snow
20180512_000000,downpour
20180302_000000,rain snow
20150130_000000,snow
20111010_071000,
20101210_000000,snow
20150717_000000,storm
20110522_000000,storm downpour
20190808_000000,storm
20160613_000000,storm downpour
20171122_114500,
20170908_000000,
20171201_000000,
20190826_021500,storm downpour
20140210_000000,rain snow
20121129_000000,rain snow
20101203_102000,rain snow
20181027_000000,rain snow
20190427_000000,
20161106_000000,rain snow
20111007_000000,rain storm
20160814_000000,
20140201_000000,rain snow
20170203_000000,rain snow
20170911_000000,rain
20170710_110500,storm downpour
20140804_000000,hail storm
20150903_000000,downpour
20150222_000000,
20120520_000000,rain
20150802_000000,rain downpour
20180511_163000,storm downpour
20190711_000000,storm downpour
20161002_000000,rain hail storm downpour
20170809_000000,hail storm
20110609_090500,rain downpour
20180628_070500,
20140712_000500,downpour
20160712_000000,storm downpour
20170112_142000,rain snow
20170723_000000,rain
20171123_000000,
20171212_000000,rain
20190826_000000,storm downpour
20160626_000000,storm downpour
20190718_000000,rain downpour
20160511_060000,rain
20150807_000000,storm
20150720_000000,storm downpour
20131006_000000,rain
20120704_000000,downpour
20110425_000000,storm downpour
20130901_000000,downpour
20130524_001000,rain
20111025_003000,rain
20170719_000000,storm
20190210_000000,rain snow
20180305_000000,rain snow
20180101_000000,rain snow
20140813_000000,rain storm downpour
20110303_000000,rain snow
20160609_000000,storm downpour
20180523_000000,downpour
20190616_000000,
20120715_005500,storm downpour
20101208_000000,rain snow
20150325_000000,rain snow
20190416_115500,rain
20180424_052500,downpour
20170421_140000,
20180725_000000,storm downpour
20150814_000000,storm downpour
20111107_000000,rain snow
20160820_000000,storm downpour
20131008_000000,rain
20150514_000000,hail storm downpour
20150917_000000,storm downpour
20190418_000000,rain
20150728_000000,rain
20130628_000500,rain
20170912_000000,rain storm downpour snow
20160331_000000,rain
20140912_062000,storm downpour
20110617_115500,storm downpour
20130709_000500,storm downpour
20190708_000000,storm downpour
20170403_113500,downpour
20140830_000000,downpour
20190715_105000,rain storm downpour
20110521_000000,storm downpour
20160510_000000,rain
20180608_000000,rain
20190715_000000,rain storm downpour
20150909_000000,storm downpour
20140209_000000,rain downpour snow
20101116_212500,rain snow
20130529_000500,rain downpour
20120725_132000,storm downpour
20170809_214000,hail storm
20180103_000000,rain snow
20150609_000000,storm
20180916_000000,storm downpour
20190612_031500,storm
20150608_091000,storm downpour
20160512_070500,rain downpour snow
20110904_001500,rain
20160723_000000,storm downpour
20180730_000000,storm downpour
20120622_134000,downpour
20121128_000000,rain snow
20190617_000000,storm downpour
20170717_130500,storm downpour
20140419_000000,rain
20170621_000000,hail storm downpour
20150930_133000,rain snow
20190522_000000,storm downpour
20150918_000000,
20180301_000000,rain snow
20190819_000000,storm downpour
20191004_000000,rain
20140427_000000,rain snow
20101129_000000,rain snow
20130313_113500,rain
20181207_000000,rain
20130202_031000,rain snow
20130803_000000,storm
20131115_000000,rain snow
20120411_000000,rain snow
20160813_000000,
20180401_000000,downpour
20180810_000000,storm downpour
20170615_000000,storm downpour
20190821_000000,storm downpour
20110528_000000,rain
20170531_092500,storm downpour
20170811_013500,storm
20170905_000000,
20180805_000000,storm downpour
20150614_145500,storm downpour
20190406_000000,rain
20170512_002500,storm downpour
20110815_000000,rain storm
20170912_095000,rain storm downpour snow
20190201_000000,rain snow
20191030_000000,rain
20151028_000000,rain snow
20140729_000000,rain storm downpour
20150702_000000,storm downpour
20180311_000000,rain
20181119_000000,rain snow
20180506_115500,storm downpour
20140120_000000,rain snow
20140628_000500,rain
20171102_000000,
20171006_000000,
20160111_000000,rain storm snow
20140405_000000,downpour
20141110_000000,rain snow
20180514_112500,rain downpour snow
20190402_000000,downpour
20171109_000000,rain
20151029_000000,rain
20110618_000000,storm downpour
20150816_000000,rain
20170825_000000,storm
20160413_000000,rain downpour
20110623_133500,storm downpour
20150221_000000,rain snow
20190704_000000,storm downpour
20141112_000000,rain snow
20130422_000000,downpour
20120710_000000,storm downpour
20150215_000000,rain snow
20161009_000000,rain snow
20160307_075000,rain snow
20160603_000000,downpour
20101224_000000,rain
20191007_000000,
20170506_000000,rain
20160614_000000,rain storm downpour
20151005_140500,downpour
20180317_000000,rain snow
20191031_000000,
20101107_205500,rain snow
20170519_151000,rain storm downpour
20190221_000000,
20120703_163000,storm downpour
20180723_000000,rain
20190504_161500,rain downpour snow
20130828_000000,downpour
20170519_000000,rain storm downpour
20170819_032000,rain storm downpour
20160423_041000,rain snow
20190404_000000,rain downpour snow
20120803_122500,storm downpour
20180710_152500,hail storm downpour
20120814_000000,storm downpour
20110806_000000,
20171108_000000,
20180312_000000,rain downpour
20140722_000500,downpour
20110113_000000,
20180705_000000,hail storm downpour
20150727_000000,rain downpour
20160418_000000,rain storm downpour snow
20170930_000000,
20171123_174500,
20131109_000000,rain storm downpour snow
20170405_000000,rain
20150205_000000,rain snow
20130605_000500,downpour
20140404_000000,downpour
20121001_201000,rain
20101127_181000,snow
20150604_153500,storm downpour
20101207_205500,rain snow
20160731_000000,storm downpour
20160407_000000,rain hail storm downpour
20190409_000000,rain downpour
20130623_000500,storm downpour
20160821_000000,downpour
20140527_000500,rain storm
20150915_000000,
20170806_000000,hail storm
20180223_000000,snow
20120610_000000,storm downpour
20171021_000000,
20151016_000000,
20140127_000000,rain snow
20110815_093000,rain storm
20170228_000000,rain downpour snow
20160514_000000,storm downpour snow
20180605_180500,storm downpour
20141021_000000,rain snow
20150605_104500,storm downpour
20180714_011500,
20140713_000500,downpour
20190706_000000,hail storm
20101122_000000,rain snow
20110707_212000,rain storm downpour
20180708_000000,rain
20180517_000000,downpour
20190902_000000,rain storm
20160911_000000,downpour
20170424_000000,
20190829_082500,storm downpour
20111106_190000,rain snow
20171031_000000,
20170507_000000,rain
20190825_000000,
20181030_001500,rain snow
20140903_000000,rain
20111026_020000,rain
20120802_163000,storm downpour
20140207_000000,rain snow
20190113_000000,rain
20181105_000000,rain snow
20180924_141000,rain
20140420_211500,downpour
20170810_193000,hail storm
20131120_000000,rain
20110902_084000,storm downpour
20180423_102000,downpour
20180108_000000,rain storm snow
20101121_064000,rain snow
20170815_000000,
20190906_000000,rain snow
20140605_000500,downpour
20150224_000000,rain snow
20190215_000000,
20170624_000000,storm downpour
20181106_000000,rain snow
20170217_000000,rain
20190618_152000,storm
